first_name,gender,Country
Alaine,Female,China
Garfield,Male,Venezuela
Gale,Female,Egypt
Mair,Genderfluid,Lithuania
Theobald,Male,Armenia
Thorstein,Bigender,Hong Kong
Sigismund,Male,China
Damiano,Male,South Korea
Alard,Male,Russia
Melamie,Female,Indonesia
Krystal,Female,China
Annabell,Female,Poland
Eveleen,Female,Indonesia
Virge,Male,Indonesia
Dirk,Male,China
Yuma,Male,Brazil
Brose,Male,Netherlands
Adrea,Female,Peru
Albert,Male,Syria
Catherina,Female,Australia
Evy,Female,Slovenia
Editha,Bigender,Brazil
Eirena,Female,China
Adriano,Male,Russia
Paule,Female,Indonesia
Ginni,Female,Pakistan
Diann,Female,China
Floria,Female,Brazil
Pauline,Female,France
Janith,Female,Tunisia
Trumann,Male,China
Katleen,Female,Philippines
Renelle,Genderfluid,China
Ripley,Male,Honduras
Mag,Female,Philippines
Broddie,Male,China
Anastassia,Female,Sweden
Upton,Male,Ireland
Quinn,Female,China
Regen,Male,Sweden
Martelle,Female,China
Shoshana,Bigender,Japan
Adolph,Male,China
Jenifer,Genderqueer,United States
Annamaria,Female,Russia
Guido,Male,China
Cicely,Female,Paraguay
L;urette,Non-binary,China
Eugen,Male,Cuba
Thedric,Male,China
Simone,Female,Indonesia
Lancelot,Male,Chile
Hephzibah,Female,France
Norman,Male,North Korea
Gan,Male,Croatia
Etienne,Agender,South Korea
Tommy,Male,Czech Republic
Donnajean,Female,United States
Giacopo,Male,Peru
Hartley,Male,Philippines
Cassy,Female,Portugal
Darice,Female,China
Juditha,Female,Colombia
Flin,Male,Vietnam
Roxane,Female,Indonesia
Emmaline,Female,Indonesia
Lizzie,Female,Central African Republic
Delbert,Male,Finland
Jacquette,Female,Indonesia
Frayda,Female,China
Paolo,Male,Japan
Rafferty,Male,Greece
Gertruda,Female,Russia
Mayne,Male,Chad
Valentine,Male,Indonesia
Mariya,Genderqueer,Poland
Kevan,Male,Mongolia
Haskel,Male,Greece
Dougy,Male,Brazil
Briant,Male,Brazil
Conroy,Male,China
Gabriel,Polygender,Indonesia
Cirstoforo,Male,China
Madelle,Female,Mongolia
Skell,Male,Poland
Rina,Female,Bolivia
Loleta,Female,Indonesia
Nikki,Male,Colombia
Constantino,Male,Thailand
Dag,Male,Indonesia
Winne,Female,Indonesia
Horst,Male,Hungary
Brnaby,Male,Indonesia
Bryan,Male,Argentina
Rosco,Male,South Africa
Livvyy,Female,China
Isaak,Male,Democratic Republic of the Congo
Cal,Male,France
Nadean,Female,China
Loree,Female,United States
